{
  "count": 8000000,
  "count_face": 8000000,
  "count_hair": 0,
  "record_size": 28,
  "source": "TripoSR head-cropped IMG_7419, 144K verts, 186K tris",
  "mesh_verts": 144072,
  "mesh_tris": 186728,
  "layout": {
    "pos": {
      "offset": 0,
      "type": "float32",
      "count": 3
    },
    "rgb": {
      "offset": 12,
      "type": "uint8",
      "count": 3
    },
    "region": {
      "offset": 15,
      "type": "uint8",
      "count": 1
    },
    "seed": {
      "offset": 20,
      "type": "float32",
      "count": 1
    }
  },
  "world_bounds": {
    "x": [
      -0.9637067914009094,
      0.7720978856086731
    ],
    "y": [
      -0.8028222322463989,
      0.797177791595459
    ],
    "z": [
      -0.7445729970932007,
      0.707497775554657
    ]
  }
}