{
  "count": 10000000,
  "count_face": 8000000,
  "count_hair": 2000000,
  "record_size": 28,
  "source": "3DDFA_V2 BFM (face) + photo hair layer",
  "mesh_verts": 38365,
  "mesh_tris": 76073,
  "layout": {
    "pos": {
      "offset": 0,
      "type": "float32",
      "count": 3
    },
    "rgb": {
      "offset": 12,
      "type": "uint8",
      "count": 3
    },
    "region": {
      "offset": 15,
      "type": "uint8",
      "count": 1
    },
    "tri": {
      "offset": 16,
      "type": "uint16",
      "count": 1
    },
    "seed": {
      "offset": 20,
      "type": "float32",
      "count": 1
    },
    "bary": {
      "offset": 24,
      "type": "float16",
      "count": 2
    }
  },
  "world_bounds": {
    "x": [
      -0.6871684789657593,
      0.6856443285942078
    ],
    "y": [
      -0.8341455459594727,
      0.76585453748703
    ],
    "z": [
      -0.52348792552948,
      0.5452791452407837
    ]
  }
}